,filename,documentID
0,001.txt,JDKC-105
1,002.txt,PUQK-674
2,003.txt,VPBC-005
3,004.txt,YWCE-738
4,005.txt,GHXO-669
5,006.txt,KAWQ-187J
6,007.txt,SOCR-012L
7,008.txt,KDHH-278
8,009.txt,JLCK-314G
9,010.txt,QXYP-302
10,011.txt,KBIU-888
11,012.txt,AYEY-671
12,013.txt,KKXQ-499
13,014.txt,ZVCZ-635
14,015.txt,HRAM-828D
15,016.txt,HHIF-616
16,017.txt,MLGR-878
17,018.txt,NIXS-836
18,019.txt,OESP-334
19,020.txt,MQHK-220
20,021.txt,BWQF-732
21,022.txt,AOXA-744D
22,023.txt,AMCX-238
23,024.txt,ZRLB-963
24,025.txt,ZJXS-236K
25,026.txt,OGVB-726
26,027.txt,OTPT-625
27,028.txt,DLOI-457
28,029.txt,UGNG-987
29,030.txt,VLGL-512K
30,031.txt,MEVF-928
31,032.txt,XTUU-890
32,033.txt,LMFL-110
33,034.txt,PIGH-858
34,035.txt,RIZC-127
35,036.txt,YBHW-577
36,037.txt,CRGU-326
37,038.txt,EXMG-013B
38,039.txt,XBFV-441P
39,040.txt,PTXN-906
40,041.txt,AJUO-808
41,042.txt,FZHV-289
42,043.txt,IFWQ-428
43,044.txt,GFIB-810N
44,045.txt,LNQR-256
45,046.txt,PVYR-593X
46,047.txt,CXWG-362
47,048.txt,AVVP-372
48,049.txt,HIKP-557
49,050.txt,JMGH-608
50,051.txt,RZIA-145
51,052.txt,IBKV-251K
52,053.txt,KTUL-361
53,054.txt,PUZZ-195
54,055.txt,RSHE-829
55,056.txt,BTAR-174
56,057.txt,TSAM-385
57,058.txt,RSYY-734
58,059.txt,SSUD-401
59,060.txt,SBAC-693
60,061.txt,LFWR-772
61,062.txt,TSBI-281
62,063.txt,RINK-392
63,064.txt,ETZD-846
64,065.txt,GQMX-983
65,066.txt,GGJQ-271
66,067.txt,PHYU-165
67,068.txt,HLNI-938
68,069.txt,PIMH-385U
69,070.txt,LWEW-582
70,071.txt,BTCD-438
71,072.txt,EJFC-205
72,073.txt,XWBA-608
73,074.txt,UGXI-811
74,075.txt,FICA-623
75,076.txt,AWMI-088
76,077.txt,YSNS-697P
77,078.txt,YZJY-617P
78,079.txt,XFXG-118
79,080.txt,AEBA-345H
80,081.txt,SDNM-432V
81,082.txt,FZHJ-523
82,083.txt,MEYM-146
83,084.txt,ELPI-149
84,085.txt,USJW-494
85,086.txt,OJIB-671D
86,087.txt,ANKW-165
87,088.txt,EFHN-444
88,089.txt,MGOB-327
89,090.txt,WDCS-487
90,091.txt,EALY-521
91,092.txt,FRPL-275
92,093.txt,FLZT-426
93,094.txt,CFQJ-830
94,095.txt,SPIL-111
95,096.txt,HNRN-134
96,097.txt,UDND-112
97,098.txt,EZDK-705
98,099.txt,JJWD-835
99,100.txt,ESHL-668Y
100,101.txt,LXNO-661
101,102.txt,YCUZ-432
102,103.txt,HQRE-637
103,104.txt,TQCI-200A
104,105.txt,ZQTE-982B
105,106.txt,CFHG-288
106,107.txt,UJKR-627
107,108.txt,YHWW-255C
108,109.txt,AMLY-573
109,110.txt,RHGF-926
110,111.txt,VYRH-360
111,112.txt,AMRX-523
112,113.txt,GPEK-672
113,114.txt,AGCR-591A
114,115.txt,WNFK-465I
115,116.txt,EEMR-682A
116,117.txt,XMBY-038
117,118.txt,ETJN-385
118,119.txt,ZFZV-394
119,120.txt,BLVY-265
120,121.txt,ERRM-330
121,122.txt,JFGO-085
122,123.txt,KGPU-366S
123,124.txt,PMFQ-998Z
